{
  "material_mc": {
    "mc_aln_k0p5": {
      "n": 10,
      "mean": 825.43065,
      "std": 10.98813988062183,
      "cv_pct": 1.3312008562587094,
      "min": 811.0022999999999,
      "max": 839.9783000000001
    },
    "mc_gan_k0p5": {
      "n": 20,
      "mean": 824.0167399999998,
      "std": 10.539510289552295,
      "cv_pct": 1.2790407983158567,
      "min": 809.2423,
      "max": 843.8106999999999
    },
    "mc_gan_k0p8": {
      "n": 20,
      "mean": 862.6465599999999,
      "std": 22.719523118128137,
      "cv_pct": 2.633700077367507,
      "min": 831.3321,
      "max": 930.0319000000001
    },
    "mc_inp_k0p5": {
      "n": 20,
      "mean": 469.881545,
      "std": 5.8050535325946395,
      "cv_pct": 1.235429140464463,
      "min": 459.333,
      "max": 480.62059999999997
    },
    "mc_inp_k0p8": {
      "n": 20,
      "mean": 504.12678000000005,
      "std": 19.2879546412999,
      "cv_pct": 3.826012702856194,
      "min": 476.70380000000006,
      "max": 557.5497
    }
  },
  "mesh_convergence": {
    "mesh_c3d8_n25_kazi0p5": {
      "n": 1,
      "mean": 498.21430000000004,
      "std": 0,
      "cv_pct": 0,
      "min": 498.21430000000004,
      "max": 498.21430000000004
    },
    "mesh_c3d8_n30_kazi0p5": {
      "n": 1,
      "mean": 343.3334,
      "std": 0,
      "cv_pct": 0,
      "min": 343.3334,
      "max": 343.3334
    },
    "mesh_c3d8_n40_kazi0p5": {
      "n": 1,
      "mean": 382.2947,
      "std": 0,
      "cv_pct": 0,
      "min": 382.2947,
      "max": 382.2947
    },
    "mesh_c3d8_n50_kazi0p5": {
      "n": 1,
      "mean": 328.1201,
      "std": 0,
      "cv_pct": 0,
      "min": 328.1201,
      "max": 328.1201
    },
    "mesh_c3d8_n70_kazi0p5": {
      "n": 1,
      "mean": 393.2199,
      "std": 0,
      "cv_pct": 0,
      "min": 393.2199,
      "max": 393.2199
    }
  },
  "test": {
    "test_n15": {
      "n": 1,
      "mean": 358.62420000000003,
      "std": 0,
      "cv_pct": 0,
      "min": 358.62420000000003,
      "max": 358.62420000000003
    }
  },
  "cliff_mapping": {
    "cliff_k0p6": {
      "n": 10,
      "mean": 336.03445999999997,
      "std": 7.3073270787614355,
      "cv_pct": 2.174576702270784,
      "min": 326.9712,
      "max": 348.38710000000003
    },
    "cliff_k0p65": {
      "n": 10,
      "mean": 338.59871000000004,
      "std": 5.831885893650149,
      "cv_pct": 1.722359158914146,
      "min": 330.4753,
      "max": 347.80600000000004
    },
    "cliff_k0p7": {
      "n": 10,
      "mean": 331.14732,
      "std": 3.098668178355917,
      "cv_pct": 0.9357370545399303,
      "min": 326.659,
      "max": 336.28860000000003
    },
    "cliff_k0p75": {
      "n": 10,
      "mean": 344.15825,
      "std": 12.727245628724575,
      "cv_pct": 3.6980794819605727,
      "min": 326.8679,
      "max": 370.7736
    },
    "cliff_k0p8": {
      "n": 10,
      "mean": 346.85650999999996,
      "std": 6.4550241427296235,
      "cv_pct": 1.8610070610263663,
      "min": 335.6211,
      "max": 357.82590000000005
    },
    "cliff_k0p85": {
      "n": 3,
      "mean": 364.5047666666667,
      "std": 11.611000404932057,
      "cv_pct": 3.1854179881137514,
      "min": 351.76990000000006,
      "max": 374.503
    }
  }
}