{
  "aln_k0p5": {
    "stats": {
      "n_cases": 10,
      "mean_wpv_nm": 825.43065,
      "std_wpv_nm": 10.98813988062183,
      "cv_percent": 1.3312008562587094,
      "min_wpv_nm": 811.0022999999999,
      "max_wpv_nm": 839.9783000000001
    },
    "wpv_values": [
      826.7206,
      839.9783000000001,
      813.7582,
      835.0317000000001,
      813.0961000000001,
      827.0523,
      811.0022999999999,
      816.6137,
      835.9645,
      835.0888
    ]
  },
  "gan_k0p5": {
    "stats": {
      "n_cases": 20,
      "mean_wpv_nm": 824.0167399999998,
      "std_wpv_nm": 10.539510289552295,
      "cv_percent": 1.2790407983158567,
      "min_wpv_nm": 809.2423,
      "max_wpv_nm": 843.8106999999999
    },
    "wpv_values": [
      828.8523,
      841.9528,
      809.8207,
      827.2713999999999,
      815.5524999999999,
      828.4875,
      833.6842,
      818.8727999999999,
      843.8106999999999,
      814.4573,
      816.4677,
      832.291,
      816.3239,
      829.5556,
      814.3211000000001,
      821.5153,
      812.8615,
      809.2423,
      837.8109999999999,
      827.1831999999999
    ]
  },
  "gan_k0p8": {
    "stats": {
      "n_cases": 20,
      "mean_wpv_nm": 862.6465599999999,
      "std_wpv_nm": 22.719523118128137,
      "cv_percent": 2.633700077367507,
      "min_wpv_nm": 831.3321,
      "max_wpv_nm": 930.0319000000001
    },
    "wpv_values": [
      860.4695999999999,
      859.8315,
      854.0229,
      890.4249,
      838.5835,
      869.3087,
      851.6165,
      864.2458,
      875.0631000000001,
      831.3321,
      836.9113,
      930.0319000000001,
      885.7862,
      852.9954,
      875.6525,
      842.2540999999999,
      875.6396,
      849.9984000000001,
      863.9783,
      844.7849
    ]
  },
  "inp_k0p5": {
    "stats": {
      "n_cases": 20,
      "mean_wpv_nm": 469.881545,
      "std_wpv_nm": 5.8050535325946395,
      "cv_percent": 1.235429140464463,
      "min_wpv_nm": 459.333,
      "max_wpv_nm": 480.62059999999997
    },
    "wpv_values": [
      473.07629999999995,
      480.62059999999997,
      462.7534,
      469.25419999999997,
      466.3127,
      471.6749,
      475.9003,
      467.85599999999994,
      480.2807000000001,
      466.1812,
      466.4222,
      474.6379,
      466.2185,
      471.1499,
      464.0268,
      467.3467,
      466.1162,
      459.333,
      478.21909999999997,
      470.2503
    ]
  },
  "inp_k0p8": {
    "stats": {
      "n_cases": 20,
      "mean_wpv_nm": 504.12678000000005,
      "std_wpv_nm": 19.2879546412999,
      "cv_percent": 3.826012702856194,
      "min_wpv_nm": 476.70380000000006,
      "max_wpv_nm": 557.5497
    },
    "wpv_values": [
      482.5228000000001,
      506.47589999999997,
      490.3777999999999,
      535.4854,
      494.69919999999996,
      517.9323,
      501.88880000000006,
      476.70380000000006,
      525.0164000000001,
      496.87320000000005,
      493.3423,
      557.5497,
      490.7629,
      503.9114,
      523.1056,
      500.68930000000006,
      489.8813,
      495.5414999999999,
      494.1959,
      505.5801
    ]
  }
}